text,label
“Study finds dishwashers only half-clean things out of spite.”,0
"Donald Trump is DEAD' trends across the world as US President goes missing from public spotlight
This comes 1 day after JD Vance said 'I'm ready to become President in case...'",1
Vietnam approves a major semiconductor zone to attract global chipmakers.,1
OpenAI announces ChatGPT Go promotional free access in India for a limited period.,1
"Explosion at a police station in Kashmir kills multiple people, prompting a major investigation.",1
European Parliament agrees on new data rules governing AI model transparency.,1
“Survey finds adulthood mostly consists of plugging things in.”,0
South Africa announces a nationwide rollout of new HIV prevention pills.,1
“Experts warn nothing ruins a day like remembering an appointment.”,0
"After begging for ceasefire, Pakistan launches airstrike on Afghanistan and kills 3 cricketers & 8 more
Several more injured after they attacked stadium where match was going on",1
“Scientists report memories improve only during arguments.”,0
“Nation refuses to accept weekend is only two days.”,0
“Nation realizes tasks take longer when thinking about them.”,0
“Scientists confirm shutting laptop aggressively improves morale.”,0
"India to simplify GST registration via a single-window system for small, low-risk taxpayers.",1
“Local man promises lifestyle change after one salad.”,0
"There is now a 'l year waiting list to meet Premanand ji Maharaj: Only 50 people like Kohli allowed per day
Shilpa Shetty's husband Raj Kundra who met him last month revealed details",1
Philippines’ central bank raises interest rates to battle rising inflation pressures.,1
“Survey shows people need vacation immediately after vacation.”,0
Pakistan reports a drop in remittances due to global slowdown impacting overseas workers.,1
“Study shows humans need vacation from vacations.”,0
“Study confirms nobody knows how to close a chip bag properly.”,0
Bangladesh secures a new financing package from the Asian Development Bank for green infrastructure.,1
“Local woman believes cleaning counts only if music is playing.”,0
"Rohit Sharma becomes world's NO.1 BATSMAN: Scripts history as
the oldest player to do so
At the age of 38, he beat Shubhman Gill to rank #1 batter in ODIs",1
“Experts confirm multitasking means doing nothing properly.”,0
"Alternative for Thailand & Vietnam:
Philippines announces VISA FREE entry for Indians and direct flights!
The country aims to boost its tourism just like other nations in South-East Asia",1
India prepares scheduled farmer-support payments ahead of festive-season disbursements.,1
“Scientist warn breakfast tastes better after noon.”,0
Vietnam expands visa-on-arrival policy to boost tourism.,1
“Local woman emotionally attached to items she never uses.”,0
Spain’s government approves heat-action plans as temperatures rise across the south.,1
“Experts confirm Wi-Fi strongest when you don’t need it.”,0
U.S. Navy increases its Indo-Pacific presence with additional vessel deployments.,1
Government issues notifications including Terms of Reference for the 8th Pay Commission.,1
U.S. mortgage rates fall slightly after weeks of increases.,1
"Moon will be DESTROYED by asteroid in 2032: NASA and earth plan to 'nuke' it to save our moon
Top space agencies in touch to destroy asteroid 2024 YR4 before impact",1
“Survey reveals people rewatch same show instead of starting new one.”,0
Japan issues heatwave alerts as temperatures break seasonal records.,1
India’s merchandise trade deficit widens in October as gold imports surge.,1
Shubman Gill stretchered off and taken to hospital with a neck injury during the Kolkata Test; ruled out of the remainder of the match.,1
“Study finds adults use 3% of groceries they buy.”,0
Japan and Australia sign a defense cooperation pact aimed at countering regional threats.,1
“Study reveals adults schedule rest and still don’t rest.”,0
India strengthens data-privacy rules requiring companies to minimise personal data collection.,1
“Survey finds 92% of adults lie when asked if they’re okay.”,0
“Study finds adults keep 26 tabs open in brain at all times.”,0
"Photo highlights capture U.S. politics, protests, and global events in daily image selections.",1
“Nation shocked when package arrives earlier than expected.”,0
“Experts confirm no one actually reads terms and conditions.”,0
“Experts confirm craving snacks unrelated to hunger.”,0
Trade body recommends provisional anti-dumping duties on low-ash metallurgical coke imports.,1
“Study shows no adult knows how to rest without guilt.”,0
France pledges additional funding for Ukraine’s military support.,1
South Korea plans further expansion of EV rapid-charging networks.,1
"Germany records a drop in industrial production, raising concerns about manufacturing slowdown.",1
Pine Labs pares down its IPO size ahead of its planned market listing.,1
“Scientists warn human patience running dangerously low.”,0
“Scientists confirm brain’s favorite hobby is worrying unnecessarily.”,0
Oman plans major investments in green ammonia production for export markets.,1
U.S. Midwest hit by severe storms causing widespread power outages.,1
Japan dispatches an envoy to China to calm an escalating diplomatic spat.,1
"U.S. construction spending rebounds unexpectedly in August, signalling resilience despite housing weakness.",1
“Experts declare email inbox a ‘danger zone.’”,0
Ecuador signs a new agreement with the U.S. on joint anti-narcotics operations.,1
“Experts warn wearing pajamas increases relaxation by 300%.”,0
IEA warns the global oil market could face a larger surplus in 2026 due to rising supply and weak demand.,1
“Scientists confirm cat has no concept of personal space.”,0
“Experts warn procrastination may reach Olympic level.”,0
“Local man reports sudden happiness—turns out it was just Friday.”,0
“Local man believes cleaning counts only if someone notices.”,0
“Scientists confirm humans need emotional support snacks.”,0
“Local dog confused why humans don’t greet each other by sniffing.”,0
“Nation claims cold weather too cold and hot weather too hot.”,0
“Scientists say humans designed to sleep 12 hours but forced to sleep 6.”,0
"UP Police conducts 20 encounters in 48 hours and launches ‘Operation Langda' & 'Operation Khallas'
It was initiated following direct orders from CM Yogi Adityanath",1
“Study finds adults rehearse goodbye three times before leaving.”,0
“Local man accuses laundry of multiplying overnight.”,0
"40+ killed in stampede at actor Vijay's rally: He continues to speak while people die | SEE VISUALS
100s were also injured as they gasped for air, while he returned back home",1
“Local woman says she’s “being productive” while reorganizing apps.”,0
“Man shocked to see bank balance match his spending choices.”,0
Photo roundup highlights images from protests and immigration raids in Charlotte.,1
Japan introduces new support measures for elderly care services.,1
“Local woman celebrates productivity by making to-do list only.”,0
“Study finds people scroll longer when they should sleep.”,0
Japan’s Olympic committee outlines legacy projects for sporting infrastructure upgrades.,1
Chile tightens environmental rules for lithium extraction.,1
“Scientists warn brain replays cringey moments for no reason.”,0
"Israel ATTACKS Qatar, drops
bombs on capital Doha: Multiple killed in airstrikes
Loud explosions in Doha, Netanyahu says 'only targeted Hamas",1
“Nation’s collective motivation found hiding under bed.”,0
“Survey finds typing ‘lol’ prevents emotional depth.”,0
China’s foreign ministry warns against external interference in Taiwan Strait matters.,1
China and Germany agree to work on closer commercial ties and to ease recent trade tensions during high-level talks in Beijing.,1
“Scientists warn new wave of laziness approaching.”,0
“Study reveals people repeat ‘I’m fine’ even when clearly not fine.”,0
“Man claims he’s saving money while online shopping.”,0
Lebanon’s parliament debates a long-delayed economic reform package.,1
UK expands apprenticeship programs to address labour shortages.,1
“Study finds humans happy only when doing something they shouldn’t.”,0
“Scientists confirm dish towels never fully dry.”,0
"Rajasthan passes historic 'anti-se conversion' bill with punishments of life imprisonment and 1 crore fine
CM Bhahan Lal Sharma says 'time to protect our culture & social harmony",1
“Survey finds adults happiest when plans get canceled.”,0
Indian government approves formation of the 8th Central Pay Commission and names its chairperson.,1
Pakistan increases gasoline prices again amid IMF fiscal reform commitments.,1
“Experts confirm pillows more reliable than most people.”,0
France bans certain single-use plastics ahead of new EU circular economy rules.,1
UAE reveals a new AI strategy to boost national productivity and automation.,1
Qatar and Egypt mediate renewed talks for Gaza humanitarian corridors.,1
US bond yields and global markets move as investors weigh reopening hopes and interest-rate outlooks.,1
“Nation agrees stairs are just adult punishment.”,0
U.S. Treasury announces sanctions on a network linked to illicit financial transfers.,1
“Nation shocked someone actually folded a fitted sheet.”,0
"Gold prices reach all time high of 1.15 lakhs per 10 grams: All set to reach 2 lakhs by next year
Costs rise as Trump asks EU to increase tariffs on India by 100%",1
"Massive BLAST outside Mosque in
Kanpur: Bomb squad & forensic team deployed, several critically injured
Nearby buildings and shops also damaged, police begins probe.",1
Wall Street opens lower as markets await Nvidia earnings and key U.S. economic releases.,1
“Study shows every adult has one favorite spoon for no reason.”,0
India’s agriculture minister signals intent to introduce a new seed law to improve seed quality regulation.,1
"Deadly protests across Indonesia, citizens set Parliament on fire due to corruption by politicians 
Several dead as people demanded equal rights, minimum wage for all.",1
Himachal Pradesh’s OTS scheme aims to resolve legacy tax disputes and increase revenue.,1
“Nation agrees ceiling fan essential for sleeping even in winter.”,0
“Dog baffled why owner refuses to let it bark at invisible threats.”,0
"“Local man Googles symptoms, diagnosed with everything.”",0
“Scientists confirm silence after ‘we need to talk’ most terrifying sound.”,0
Sri Lanka records improved tourism arrivals as visa reforms take effect.,1
Tokyo retail and leisure sectors see reduced footfall amid diplomatic friction with China.,1
“Scientists reveal touching hot pizza is universal regret.”,0
“Experts confirm dog barking at nothing still considered important work.”,0
“Report reveals humanity’s most common phrase is ‘What was I doing?’”,0
Italy’s health ministry reports a rise in seasonal flu cases ahead of winter.,1
“New research shows shower time extends with existential crises.”,0
Nepal completes a major hydropower project aimed at increasing energy exports.,1
“Nation discovers new species: Humanus Overthinkus.”,0
“Experts reveal traffic caused mainly by ‘everyone leaving at same time.’”,0
"Shreyas lyer critical, admitted in ICU after major injury during India vs Australia match
After diving for a catch, he injured rib cage which resulted in internal bleeding",1
New Zealand announces reforms to address housing affordability with higher-density zoning.,1
"Japan’s economy contracts for the first time in six quarters, hurt by falling exports in the July–Sept 2025 quarter.",1
"Trading platform Groww to launch 8,500 crore IPO: All set to challenge
Angel One in India's broking space
Here are some numbers about these broking platforms",1
“Study reveals humans age 20 years when standing up too fast.”,0
“Man denies being tired while falling asleep mid-sentence.”,0
"Saudi Arabia unveils world's 1st 'sky stadium' for FIFA World Cup 2034 at a cost of $1 billion
The NEOM Project aims to seat 46,000 fans mid-air in the match.",1
“Scientists discover humans cannot walk past mirror without judging themselves.”,0
India ships its first-ever jet-fuel cargo to the U.S. West Coast amid a local refinery shortfall.,1
China’s industrial output rises faster than expected as factory activity rebounds.,1
“Man reaches peak laziness by ordering delivery from next street.”,0
“Experts confirm doing nothing is incredibly exhausting.”,0
"We have lost India..': Donald Trump ENDS relations with India & says may they have future with China
The US President posted an image of PM Modi, Putin and Xi Jinping together.",1
"“Study finds brain most creative while showering, least while working.”",0
Pakistan’s Supreme Court hears a landmark case on electoral disqualification rules.,1
"Russia develops world's first CANCER
VACCINE: 100% efficacy in clinical trial, scientists say 'ready to use'
The cancer vaccine, called Enteromix, is based on mRNA technology",1
"IAF becomes 3rd best airforce in the world surpassing China: Will now even train UK's fighter pilots
The only two better airforces than India are US and Russia",1
“Local dog believes vacuum cleaner is ancient enemy.”,0
,1
“Scientists confirm Wi-Fi stronger in the bathroom for unknown reasons.”,0
"“Local woman experiences rare burst of energy, quickly ignored.”",0
Ireland introduces stricter emission-reduction targets for the agriculture sector.,1
Russia conducts missile tests in the Arctic region as part of annual readiness drills.,1
“Scientists report coffee drinkers immune to morning conversations.”,0
“Experts confirm nothing good happens after ‘We need to talk.’”,0
“Local woman realizes she bought groceries but nothing to cook.”,0
“Local woman swears she’ll start saving money after one last purchase.”,0
“Scientists announce chairs scientifically too comfortable to leave.”,0
“New research shows adults say ‘I’ll do it later’ 45 times a day.”,0
Australia passes a bill mandating shorter payment cycles for small businesses.,1
“Scientists confirm dreams make no sense but feel important.”,0
"“Experts confirm adult life 80% chores, 20% complaining.”",0
Nigeria launches a national cybersecurity training program for public-sector employees.,1
“Survey finds people clean only when expecting guests.”,0
India classifies the deadly car blast near the Red Fort in Delhi as a terrorist incident.,1
"“Local woman’s motivation seen once, never again.”",0
China announces a crackdown on telecom fraud rings operating from overseas hubs.,1
“Study reveals ice cream solves all emotional emergencies.”,0
“New data shows productivity peaks exactly two minutes before deadline.”,0
U.S. proposes new rules to cut methane emissions from the oil and gas sector.,1
India and Nepal sign new energy-trade agreement to increase cross-border electricity exports.,1
United Nations warns that food insecurity is worsening in multiple conflict zones.,1
U.S. FDA approves a new diabetes drug showing improved results in patients with insulin resistance.,1
“Experts warn procrastination reaching historic levels.”,0
Peru declares a state of emergency in response to rising organized crime activity.,1
“Study finds best sleep happens 10 minutes before alarm.”,0
"“Man discovers wallet empty, blames economy and also himself.”",0
India’s Inox Green loses grid access for a 300 MW wind project after regulator revokes connectivity.,1
"“Nation agrees life significantly harder without sleep, food, or money.”",0
South Korea expands its digital ID rollout to improve access to government services.,1
“Nation shocked to learn time exists before 8 a.m.”,0
“Experts confirm scrolling replaces 90% of healthy coping skills.”,0
Photo essays highlight damage in Gaza and global conflict imagery in weekly roundups.,1
“Nation reports sudden need for nap during responsibilities.”,0
“Local dog thrilled by same walk route for 800th day.”,0
“Man claims diet going well while holding large pizza.”,0
Indonesia breaks ground on its new capital city projects as relocation plans accelerate.,1
“Study reveals naps chosen at worst possible times.”,0
“Survey shows people pretend headphones are on to avoid conversations.”,0
Jordan and Iraq agree to upgrade their cross-border electricity network.,1
“Survey shows adults regularly talk to themselves for clarity.”,0
“Nation agrees food tastes better when someone else makes it.”,0
China launches a crackdown on online financial scams targeting elderly citizens.,1
Singapore bans misleading crypto advertisements targeting retail investors.,1
“Dog shocked to learn mailman still comes every day.”,0
“Scientists warn remote control disappears only during important moments.”,0
"IAF pilot & Astronaut Shubhanshu Shukla meets PM Modi, gifts Tiranga
he took to space 
They discussed future of Indian space exploration & our own Space Station",1
"U.S. manufacturing output falls, signalling a potential slowdown.",1
Brazil passes a new fiscal rule to contain public spending growth.,1
“Survey finds no one knows how long leftovers are safe.”,0
"Brazil experiences a surge in dengue cases, prompting a nationwide health warning.",1
“Report shows chores become impossible when someone else is watching.”,0
“New data confirms nobody knows what adults eat for lunch.”,0
India’s power regulator warns renewable-energy projects of disconnection for grid violations.,1
U.S. President signs executive order tightening cybersecurity standards for federal agencies.,1
"“Local man claims weekend starts now, despite it being Tuesday.”",0
“Worker finishes entire day’s stress before lunch.”,0
"Pakistan declares Bollywood actor Salman Khan 'terrorist' after he claims Balochistan is a different nation
He made the controversial statement during event in Riyadh, Saudi Arabia",1
“Scientists warn brain cannot process information before morning coffee.”,0
“Experts warn doing laundry without losing a sock is suspicious.”,0
India Railways to introduce upgraded high-speed corridors under a national modernization plan.,1
South Africa announces plans to rehabilitate major freight rail corridors.,1
Brazil cracks down on illegal Amazon logging with expanded enforcement operations.,1
Sri Lanka seeks private investment to revive state-owned enterprises.,1
"India to host COMMONWEALTH
GAMES 2030: Ahmedabad officially
the home of 100th games
Nigeria also wanted to host the 2030 Games but likely lost due to lack on infra",1
“Study finds refrigerators open 40 times more when people are bored.”,0
Liberia seeks international partners to restore its power grid and attract foreign investment.,1
Global markets remain jittery ahead of Nvidia earnings and U.S. employment data releases.,1
"Philippines to allow visa-free entry for Indian nationals for short tourism stays starting June 8, 2025.",1
“Survey finds 87% of group project work done by one exhausted person.”,0
Thailand reports tourism recovery surpassing pre-pandemic levels.,1
“Experts confirm humans allergic to responsibility on weekends.”,0
“Experts confirm naps become illegal as soon as you actually need one.”,0
Saudi Arabia launches a national clean-energy certification program.,1
“Scientists confirm nobody knows how microwaves actually work.”,0
“Nation’s collective memory disappears when entering grocery store.”,0
“Experts warn motivation has gone missing nationwide.”,0
Mexico deploys additional troops to curb cartel violence in northern states.,1
"India increases refined fuel exports, including jet fuel, amid shifting global demand.",1
Philippines moves to modernize coastal surveillance with upgraded radar systems.,1
Indonesia vows stronger action against illegal fishing in its territorial waters.,1
“Experts confirm productivity drops 98% after lunch.”,0
China increases restrictions on rare-earth exports as global supply tensions rise.,1
"Wipro & college students build 1st ever 'driverless car' in Bengaluru: Even take priests on test ride
It is made for Indian roads, be it potholes or cattle. In making since 2019.",1
Trade ministry moves to recommend safeguards for domestic steelmaking against cheap met coke imports.,1
“Experts confirm procrastination now recognized as national talent.”,0
India’s Statistics Ministry proposes revamping the base year of the Index of Industrial Production to 2022–23.,1
“Study finds every house has one mysterious drawer of nothing.”,0
South Korea pledges expanded support for chip manufacturing to stay competitive.,1
“Scientists warn mouse clicking aggressively doesn’t fix anything.”,0
UN Security Council prepares to vote on a U.S.-backed resolution on Gaza stabilisation.,1
UAE hosts a major climate finance summit with participation from global leaders.,1
“Scientists reveal humans need 25 hours in a day to function properly.”,0
“Local woman files emotional complaint after Wi-Fi drops for three seconds.”,0
“Scientists discover wardrobes full of clothes yet ‘nothing to wear.’”,0
“Study finds walking into kitchen increases hunger by 200%.”,0
"U.S. bond yields, equities, and commodities shift as investors adjust risk pricing.",1
“Scientists confirm stress eating counts as exercise emotionally.”,0
India approves a $5.1 billion support package for exporters affected by recent U.S. tariffs.,1
"Happiest country in the world: Finland is now offering 'permanent residency' for Indians to work & live
The country is also popular for its beauty from landscapes to northern lights",1
"After Delhi, Rajasthan High Court also orders removal of dogs from the streets: More states to follow
This comes after SC ordered all stray dogs to be removed from Delhi-NCR",1
Singapore expands green-building incentives to accelerate its net-zero transition.,1
Spain begins trial for corruption case involving former officials accused of embezzlement.,1
Canada moves to expand visa-free travel for several allied countries.,1
Colombia reports a decline in coca cultivation after anti-narcotics reforms.,1
“Parents shocked child’s energy unaffected by bedtime.”,0
“Scientists report 0% chance of replying to message ‘seen 2 days ago.’”,0
“Local woman masters skill of worrying about worrying.”,0
“Experts confirm dreams disappear instantly upon waking.”,0
“Scientists confirm leftovers taste better at midnight.”,0
“Study finds 100% of adults hate the sound of their own alarm.”,0
“Experts warn humans now spend more time looking for items than using them.”,0
Bangladesh launches new export promotion incentives for textile manufacturers.,1
“Study finds brain focuses best right before sleep.”,0
Canada introduces a national wildfire adaptation strategy after intense summer fires.,1
“Scientists declare socks mortal enemies of washing machines.”,0
China’s housing market continues to slump as property sales fall further.,1
Germany votes to increase defense spending in response to shifting security dynamics.,1
“Experts confirm blinking feels illegal while driving.”,0
“Scientists confirm yelling at technology does nothing but feels right.”,0
“Experts confirm fridge light more comforting at night.”,0
“Experts warn average adult survives entirely on chaos and snacks.”,0
“New study shows car issues increase when paycheck arrives.”,0
“Experts confirm nobody actually knows how taxes work.”,0
“Scientists warn energy levels drop instantly on Mondays.”,0
“Scientists announce leftovers become gourmet at midnight.”,0
“Study reveals everyone has a ‘laundry chair.’”,0
UAE invests in major solar and battery-storage complex to expand renewable capacity.,1
France opens fresh investigations into suspected foreign election interference.,1
“Experts confirm life easier when expectations lowered.”,0
“Experts confirm most adults are 70% tired at all times.”,0
“New study shows adults crave solitude but hate loneliness.”,0
“Survey finds universal fear of replying instantly to messages.”,0
“Parents shocked that child who wasn’t hungry is starving after bedtime.”,0
“Study finds 90% of ambitions disappear after sitting down.”,0
“Study finds adults trust weather apps more than politicians.”,0
World Bank approves funding for climate-resilient agriculture in East Africa.,1
African Union leaders sign a pact on digital trade and cybersecurity cooperation.,1
Afghanistan strengthens border checkpoints as security concerns rise.,1
“Scientists confirm socks lost in laundry now form their own civilization.”,0
“Scientists confirm humans evolve into sloths every Sunday.”,0
Kenya inflation falls for the third month as food prices ease.,1
Canada’s wildfire season worsens with multiple provinces issuing emergency evacuations.,1
“Study finds cleaning energy peaks right before bedtime.”,0
UK teachers announce a national strike over pay and workload issues.,1
“Scientists announce humans experience 12 hunger waves per hour.”,0
"“Local cat denies knocking object off counter, despite evidence.”",0
Malaysia’s central bank maintains policy rate as inflation remains stable.,1
“Study shows screen brightness always wrong for every situation.”,0
“Local woman shocked to realize she forgot what she just remembered.”,0
"Australia announces incentives for EV adoption, including subsidies for rural buyers.",1
"“Nation confident tomorrow will be more productive, every day.”",0
"“Local woman claims she’s busy, meaning she’s overwhelmed internally.”",0
"Argentina’s inflation hits a new high, prompting central bank tightening.",1
“Scientists declare snooze button humanity’s greatest enemy.”,0
Global equities rise as investors cheer signs of a possible end to the U.S. government shutdown.,1
“Survey finds 100% of adults talk to pets like therapists.”,0
Global investors pull back amid concerns about overvalued AI and tech stocks and uncertain U.S. labour data.,1
“Experts confirm humans need break after doing nothing.”,0
Bank nomination rules revised to allow multiple nominees and reduce succession disputes.,1
“Study says alarm clocks officially humanity’s worst invention.”,0
Israel strengthens border defenses amid increasing cross-border fire.,1
Azerbaijan increases natural gas exports to Europe as winter demand rises.,1
"Pakistan PM Shahbaz Sharif nominates
Trump for Nobel peace prize again!
Meloni's reaction goes viral|WATCH
He was speaking at the Israel-Palestine peace summit in Egypt",1
"Indian govt introduces bill in Parliament to remove Prime Minister,
CMs and other ministers if arrested
Union ministers Amit Shah to introduce multiple important bills alongside",1
"India WINS Hockey Asia Cup after 8 years & beat the defending champions South Korea by 4-1!
India has now sealed their spot in the World Cup 2026 with the win",1
China’s exports rebound more strongly than expected as global demand shows early signs of recovery.,1
Myanmar reports renewed clashes near key border trade zones.,1
“New research shows snacks solve zero problems but help emotionally.”,0
“Study shows people hear phone vibrate even when it didn’t.”,0
Thailand signs new agreements to expand agricultural exports to China.,1
Authorities investigate a deadly blast at a police facility in Srinagar caused by an ammunition explosion.,1
Odisha government announces a ₹100 crore renovation plan for the Baladevjew Temple in Kendrapada.,1
“Nation collectively forgets where they parked.”,0
“Experts confirm fast food calories don’t count on weekends emotionally.”,0
“Scientists confirm humans enter sleep mode anytime they sit on a couch.”,0
Turkey raises interest rates again to combat rising inflation.,1
COMAC’s C919 performed a flying display at the Dubai Airshow as China pushes the jetliner to compete with Boeing and Airbus.,1
“Experts say making eye contact officially classified as cardio.”,0
Nigeria’s inflation climbs to a new high despite monetary tightening.,1
“Dog insists human accompany them on every bathroom trip.”,0
“Report shows 100% of adults pretend to know what they’re doing.”,0
“Scientists discover laundry basket operates as black hole.”,0
"Kerala declared India's 1st
'extreme poverty-free' state: CM
Vijayan announces big feat
The majestic views were seen from Jainagar in Madhubani",1
“Study shows brain shuts down when math appears.”,0
“Local woman insists she cleaned even though it looks the same.”,0
US auto tariffs on certain Chinese EVs remain under review amid industry lobbying.,1
France tightens security ahead of major international sporting events.,1
“Study finds humans only run fast when phone at 1% battery.”,0
India’s aviation regulator orders safety inspections after multiple runway incidents.,1
India’s Supreme Court to hear petitions challenging new criminal law provisions.,1
,1
“New data shows adults recharge by staring into void.”,0
Norway moves to restrict salmon farming over environmental concerns.,1
China lodges formal diplomatic protest with the U.S. over an arms sale to Taiwan.,1
"Centre to roll out a simplified GST registration system for low-risk applicants from November 1, 2025.",1
"1,000+ dead and 2,500+ injured in Afghanistan after DEADLY earthquake of 6.0 magnitude: Tremors felt in India
Mass destruction across Kabul, Taliban leads rescue operations.",1
“Experts confirm people love plans until it's time to leave the house.”,0
“Scientists confirm hunger increases while waiting for food delivery.”,0
India records a surge in digital payment transactions during the Diwali season.,1
“Study reveals stepping on Lego deadlier than heartbreak.”,0
"Dozens SHOT DEAD by police in Nepal
as GenZ protests against social media
ban, Parliament set on fire
Shoot-at-sight orders issued, 100s injured. Is Nepal becoming China?",1
"“Nation agrees Sundays last 14 minutes, Mondays last 14 years.”",0
“Nation shocked to discover it has spent three hours scrolling without blinking.”,0
“Dog announces every noise outside is a national emergency.”,0
“Experts declare laundry a never-ending nightmare.”,0
Australia releases an updated defense strategy prioritizing Pacific partnerships.,1
“Nation agrees car keys disappear at highest-stress moments.”,0
UK unemployment rises slightly as hiring slows in key sectors.,1
Mexico agrees to hand over certain Mexico City airport slots from local airlines to U.S. carriers amid an aviation dispute.,1
Italy unveils tax reforms aimed at boosting economic competitiveness.,1
Turkey begins mass rollout of its national EV charging network.,1
“Survey finds nobody knows what temperature room should be.”,0
"One of the biggest heists ever! Louvre Museum in Paris ROBBED with jewels & crowns worth ₹100 crore+ taken
The Museum has been shut indefinitely, robbers still not arrested",1
“Nation reports sudden urge to clean right before guests arrive.”,0
“Experts confirm some emails require three days of courage to open.”,0
Gold prices edge lower as the U.S. dollar strengthens and expectations of Fed rate cuts soften.,1
“New research finds sitting down erases memory of every task.”,0
"Supreme Court finally UNBANS firecrackers for Diwali: Allows people to buy, sell and burst after 10 years
Supreme Court said this is a test, if pollution remains low then we'll continue",1
Morocco launches a social protection program expanding coverage to millions.,1
Shreyas Iyer admitted to ICU in Sydney after internal bleeding from a rib injury sustained while fielding.,1
“Scientists warn cold drinks disappear faster than planned.”,0
“Scientists confirm doing dishes requires three days of mental preparation.”,0
Kuwait announces new public-sector employment reforms.,1
“Study finds average adult has 14 unfinished beverages around home.”,0
“Man shocked to realize it’s still the same week.”,0
“Local cat demands attention but refuses to be touched.”,0
“Scientists warn brain forgets names instantly during introductions.”,0
“Parents confirm child becomes hungriest right after kitchen is cleaned.”,0
Kenya signs an agricultural-export agreement with Gulf nations.,1
Germany approves a green hydrogen subsidy scheme for industrial users.,1
“Dog predicts dinner time three hours early.”,0
“Local man announces he’ll fix life after one good nap.”,0
“Experts say adults spend half their life waiting for food to heat.”,0
“Nation approves national holiday for doing absolutely nothing.”,0
“Nation shocked when weather forecast is actually correct.”,0
“Dog insists grass greener wherever fence exists.”,0
“Experts confirm afternoon sun destroys all motivation.”,0
“Scientists warn overthinking may now be full-time job.”,0
Philippines passes a new cybersecurity law to counter rising digital threats.,1
Hong Kong sees slight economic growth as retail tourism picks up.,1
Iceland flags possible collapse of the Atlantic Meridional Overturning Circulation (AMOC) as a national security concern.,1
Ethiopia accelerates economic reforms to attract foreign investment.,1
Indonesia records strong economic growth supported by domestic consumption.,1
“Nation admits to pressing snooze until physically impossible.”,0
“New research finds staring at wall counts as meditation.”,0
US aviation authority issues new guidance on drone operations near airports.,1
"Banks to allow customers to nominate up to four nominees for accounts and lockers from November 1, 2025.",1
“Man claims he’s early while actually late.”,0
"PM Narendra Modi announces
₹70,000 crore investment to build and reform India's ship & maritime infra
At India Maritime Week 2025, he also launched initiatives of. ₹2,20,000 crores",1
“Local dog shocked at audacity of thunder.”,0
“Survey reveals 60% of “I’m on my way” texts are lies.”,0
"IndiGo resumes daily flights between Delhi and Guangzhou, expanding India–China air connectivity.",1
India updates ethanol policy to allow production from sugarcane juice and molasses for the 2025–26 season.,1
China rolls out a new anti-corruption probe in major state-owned enterprises.,1
"India's oldest fighter jet MiG-21 (flying coffin) officially RETIRED after 60 years: Tejas LCA to replace
These jets have led to death of 170 pilots & 40 civilians, IAF chief takes last sortie.",1
“Study finds happiness increases when phone is on silent.”,0
“Nation’s phones vibrate mysteriously with no notifications whatsoever.”,0
Global markets remain cautious as investors weigh macroeconomic data and corporate earnings.,1
“Report confirms best ideas arrive during bathroom visits.”,0
“Study finds people can watch 10 episodes but not 10-minute tasks.”,0
Himachal Pradesh launches a one-time settlement scheme to settle legacy tax cases.,1
“New research shows average human knows five recipes maximum.”,0
“Scientists discover humans only motivated at 3 a.m.”,0
“Survey finds most adults powered by spite and caffeine.”,0
"Massive rare TORNADO strikes
Odisha's coast out of nowhere: Locals and tourists stunned
The epicentre of the terrifying tornado was Chillika Lake, right besides beach",1
“Scientists discover human brain stores embarrassing moments permanently.”,0
Analysts warn the narrow tech-led rally needs broader earnings participation to sustain momentum.,1
“Survey finds most adults rehearse conversations that will never happen.”,0
“Experts reveal 70% of thoughts are ‘why did I walk in here?’”,0
Saudi Arabia accelerates construction of its NEOM megaproject despite fiscal concerns.,1
“Study finds adults spend 40% of life ‘waiting for something.’”,0
“Experts report pets stare into nothing for dramatic effect.”,0
Israel expands counter-drone systems along its northern border.,1
“Study finds 4 p.m. slump responsible for global productivity crisis.”,0
“Scientists confirm any flat surface becomes storage.”,0
“Experts confirm everyone has one fork they hate.”,0
“Cat claims full custody of furniture.”,0
"Air India launches non-stop Delhi–Manila flights, capitalising on improved Philippines visa rules.",1
“Dog insists stranger outside is a threat despite having never met a threat.”,0
Philippines pairs visa-free policy for Indians with plans to increase direct flights from India to boost tourism.,1
U.S. House panel opens an inquiry into tech companies over handling of user data.,1
Egypt upgrades its coastal defenses due to rising regional tensions.,1
“Experts warn adulthood mostly pretending everything is okay.”,0
UK consumer confidence falls as households struggle with cost-of-living pressures.,1
,1
New seed law proposed to be introduced in India’s Budget session to curb poor-quality and unauthorised seeds.,1
"PM-Kisan 21st instalment scheduled for release on November 19, 2025, transferring funds to eligible farmers.",1
“Study finds adults exaggerate how busy they truly are.”,0
“New report shows coffee responsible for 70% of adult survival.”,0
“Survey finds pillows most trustworthy objects in homes.”,0
"Shah Rukh Khan wins 1st ever National Film Award with Vikrant Massey, Rani Mukherjee and Mohanlal!
President Droupadi Murmu felicitated the prizes to the winners",1
“New data shows 90% of exercise involves thinking about exercising.”,0
U.S. CDC reports an uptick in respiratory virus cases heading into winter.,1
“Parents shocked when child refuses food then cries for food.”,0
“Scientists find no human has ever finished their to-do list.”,0
Qatar signs a major investment deal to expand LNG export capacity.,1
“Local cat files complaint after being ignored for nine seconds.”,0
“Nation agrees 5-minute breaks last 40 minutes.”,0
“Scientists warn sitting too long may lead to lifelong regrets.”,0
“Local dog confident stranger at door is dangerous.”,0
“Man insists he’s not tired while yawning aggressively.”,0
“Report shows plants dying despite being ‘easy to care for.’”,0
France suspends arms export licenses to several conflict regions.,1
India’s ISRO announces successful test of a reusable launch vehicle prototype.,1
Ukraine receives additional air-defense support from European allies.,1
“Nation stunned as man claims he’ll ‘get his life together’ starting Monday.”,0
Iran and Azerbaijan discuss gas export deals to diversify energy routes.,1
"“New study discovers adults function on hopes, dreams, and iced coffee.”",0
Mexico–U.S. aviation slot reallocation highlights growing tensions in bilateral aviation relations.,1
“Experts warn brain only remembers embarrassing memories at night.”,0
“Man celebrates small achievement by doing nothing for rest of day.”,0
Iran resumes nuclear talks with EU mediators in Vienna.,1
Egypt sets new wheat procurement targets to boost domestic food security.,1
“Study shows humans need six months to recover from one busy week.”,0
"4 dead and 70 injured as DEADLY PROTESTS strike Ladakh demanding statehood, police & BJP attacked
Everything in the state shutdown, massive destruction in Leh.",1
U.S. launches a task force targeting financial crimes linked to crypto exchanges.,1
India arrests a Kashmir resident in connection with the Delhi car blast as the anti-terror probe expands.,1
Egypt and Sudan sign a bilateral water-sharing agreement after negotiations on Nile usage.,1
“Local dog claims ball belongs to no one but also everyone.”,0
“Nation shocked to discover weekend chores still exist.”,0
“Experts confirm 10-minute shower thoughts equal master’s degree.”,0
European football federation announces enhanced financial fair-play rules for clubs.,1
