text,label
“Experts confirm life easier when expectations lowered.”,0
“Scientists declare snooze button humanity’s greatest enemy.”,0
"U.S. bond yields, equities, and commodities shift as investors adjust risk pricing.",1
"Deadly protests across Indonesia, citizens set Parliament on fire due to corruption by politicians 
Several dead as people demanded equal rights, minimum wage for all.",1
“Study finds average adult has 14 unfinished beverages around home.”,0
Government issues notifications including Terms of Reference for the 8th Pay Commission.,1
“Experts confirm nothing good happens after ‘We need to talk.’”,0
OpenAI announces ChatGPT Go promotional free access in India for a limited period.,1
"Pakistan PM Shahbaz Sharif nominates
Trump for Nobel peace prize again!
Meloni's reaction goes viral|WATCH
He was speaking at the Israel-Palestine peace summit in Egypt",1
Global investors pull back amid concerns about overvalued AI and tech stocks and uncertain U.S. labour data.,1
"Air India launches non-stop Delhi–Manila flights, capitalising on improved Philippines visa rules.",1
Saudi Arabia launches a national clean-energy certification program.,1
Jordan and Iraq agree to upgrade their cross-border electricity network.,1
New seed law proposed to be introduced in India’s Budget session to curb poor-quality and unauthorised seeds.,1
“Survey finds universal fear of replying instantly to messages.”,0
“Nation shocked to discover it has spent three hours scrolling without blinking.”,0
“Survey finds 92% of adults lie when asked if they’re okay.”,0
“Local woman masters skill of worrying about worrying.”,0
Colombia reports a decline in coca cultivation after anti-narcotics reforms.,1
“Report shows plants dying despite being ‘easy to care for.’”,0
“Dog insists grass greener wherever fence exists.”,0
"Japan’s economy contracts for the first time in six quarters, hurt by falling exports in the July–Sept 2025 quarter.",1
“Nation realizes tasks take longer when thinking about them.”,0
“Local woman realizes she bought groceries but nothing to cook.”,0
“Man denies being tired while falling asleep mid-sentence.”,0
Sri Lanka seeks private investment to revive state-owned enterprises.,1
“Survey reveals 60% of “I’m on my way” texts are lies.”,0
“Local woman celebrates productivity by making to-do list only.”,0
“Nation’s collective motivation found hiding under bed.”,0
“Survey finds typing ‘lol’ prevents emotional depth.”,0
"Israel ATTACKS Qatar, drops
bombs on capital Doha: Multiple killed in airstrikes
Loud explosions in Doha, Netanyahu says 'only targeted Hamas",1
“Nation’s phones vibrate mysteriously with no notifications whatsoever.”,0
“Local man believes cleaning counts only if someone notices.”,0
Germany votes to increase defense spending in response to shifting security dynamics.,1
Japan’s Olympic committee outlines legacy projects for sporting infrastructure upgrades.,1
Himachal Pradesh’s OTS scheme aims to resolve legacy tax disputes and increase revenue.,1
UK consumer confidence falls as households struggle with cost-of-living pressures.,1
“Nation approves national holiday for doing absolutely nothing.”,0
"Kerala declared India's 1st
'extreme poverty-free' state: CM
Vijayan announces big feat
The majestic views were seen from Jainagar in Madhubani",1
“Scientists confirm shutting laptop aggressively improves morale.”,0
“Experts confirm craving snacks unrelated to hunger.”,0
“Local woman swears she’ll start saving money after one last purchase.”,0
“Parents shocked child’s energy unaffected by bedtime.”,0
“Study reveals humans age 20 years when standing up too fast.”,0
"40+ killed in stampede at actor Vijay's rally: He continues to speak while people die | SEE VISUALS
100s were also injured as they gasped for air, while he returned back home",1
“Scientists confirm nobody knows how microwaves actually work.”,0
“Report shows 100% of adults pretend to know what they’re doing.”,0
“Scientists confirm hunger increases while waiting for food delivery.”,0
"“Local woman’s motivation seen once, never again.”",0
“Scientists confirm dreams make no sense but feel important.”,0
"Dozens SHOT DEAD by police in Nepal
as GenZ protests against social media
ban, Parliament set on fire
Shoot-at-sight orders issued, 100s injured. Is Nepal becoming China?",1
“Study reveals everyone has a ‘laundry chair.’”,0
“Nation shocked to discover weekend chores still exist.”,0
"Gold prices reach all time high of 1.15 lakhs per 10 grams: All set to reach 2 lakhs by next year
Costs rise as Trump asks EU to increase tariffs on India by 100%",1
Israel expands counter-drone systems along its northern border.,1
"Supreme Court finally UNBANS firecrackers for Diwali: Allows people to buy, sell and burst after 10 years
Supreme Court said this is a test, if pollution remains low then we'll continue",1
“Study shows brain shuts down when math appears.”,0
“Local woman says she’s “being productive” while reorganizing apps.”,0
South Korea pledges expanded support for chip manufacturing to stay competitive.,1
,1
India records a surge in digital payment transactions during the Diwali season.,1
“Scientists discover humans only motivated at 3 a.m.”,0
“Experts confirm dog barking at nothing still considered important work.”,0
“Scientists warn human patience running dangerously low.”,0
“Man celebrates small achievement by doing nothing for rest of day.”,0
“Local cat demands attention but refuses to be touched.”,0
"Rohit Sharma becomes world's NO.1 BATSMAN: Scripts history as
the oldest player to do so
At the age of 38, he beat Shubhman Gill to rank #1 batter in ODIs",1
Spain’s government approves heat-action plans as temperatures rise across the south.,1
"One of the biggest heists ever! Louvre Museum in Paris ROBBED with jewels & crowns worth ₹100 crore+ taken
The Museum has been shut indefinitely, robbers still not arrested",1
"“Local cat denies knocking object off counter, despite evidence.”",0
India Railways to introduce upgraded high-speed corridors under a national modernization plan.,1
“Study finds 90% of ambitions disappear after sitting down.”,0
India strengthens data-privacy rules requiring companies to minimise personal data collection.,1
Iran and Azerbaijan discuss gas export deals to diversify energy routes.,1
"Photo highlights capture U.S. politics, protests, and global events in daily image selections.",1
Bangladesh launches new export promotion incentives for textile manufacturers.,1
Pakistan increases gasoline prices again amid IMF fiscal reform commitments.,1
African Union leaders sign a pact on digital trade and cybersecurity cooperation.,1
“Scientists confirm socks lost in laundry now form their own civilization.”,0
"Shah Rukh Khan wins 1st ever National Film Award with Vikrant Massey, Rani Mukherjee and Mohanlal!
President Droupadi Murmu felicitated the prizes to the winners",1
"“New study discovers adults function on hopes, dreams, and iced coffee.”",0
“Scientists reveal humans need 25 hours in a day to function properly.”,0
"IAF pilot & Astronaut Shubhanshu Shukla meets PM Modi, gifts Tiranga
he took to space 
They discussed future of Indian space exploration & our own Space Station",1
“New data shows 90% of exercise involves thinking about exercising.”,0
Ukraine receives additional air-defense support from European allies.,1
Global markets remain cautious as investors weigh macroeconomic data and corporate earnings.,1
Vietnam expands visa-on-arrival policy to boost tourism.,1
“Survey shows people pretend headphones are on to avoid conversations.”,0
Canada moves to expand visa-free travel for several allied countries.,1
“Local man reports sudden happiness—turns out it was just Friday.”,0
“Experts confirm people love plans until it's time to leave the house.”,0
“Local woman shocked to realize she forgot what she just remembered.”,0
“Study finds happiness increases when phone is on silent.”,0
“Parents shocked when child refuses food then cries for food.”,0
Brazil passes a new fiscal rule to contain public spending growth.,1
“Experts confirm Wi-Fi strongest when you don’t need it.”,0
U.S. Midwest hit by severe storms causing widespread power outages.,1
China increases restrictions on rare-earth exports as global supply tensions rise.,1
Turkey raises interest rates again to combat rising inflation.,1
“Study reveals naps chosen at worst possible times.”,0
“Local dog thrilled by same walk route for 800th day.”,0
Egypt and Sudan sign a bilateral water-sharing agreement after negotiations on Nile usage.,1
“Man reaches peak laziness by ordering delivery from next street.”,0
Indonesia breaks ground on its new capital city projects as relocation plans accelerate.,1
Mexico deploys additional troops to curb cartel violence in northern states.,1
,1
“Experts warn adulthood mostly pretending everything is okay.”,0
“Study reveals stepping on Lego deadlier than heartbreak.”,0
Trade body recommends provisional anti-dumping duties on low-ash metallurgical coke imports.,1
“Scientists warn mouse clicking aggressively doesn’t fix anything.”,0
Indonesia vows stronger action against illegal fishing in its territorial waters.,1
U.S. President signs executive order tightening cybersecurity standards for federal agencies.,1
“Nation reports sudden urge to clean right before guests arrive.”,0
India’s Inox Green loses grid access for a 300 MW wind project after regulator revokes connectivity.,1
“Experts warn motivation has gone missing nationwide.”,0
China lodges formal diplomatic protest with the U.S. over an arms sale to Taiwan.,1
“New report shows coffee responsible for 70% of adult survival.”,0
France opens fresh investigations into suspected foreign election interference.,1
“Scientists confirm Wi-Fi stronger in the bathroom for unknown reasons.”,0
“Study finds adults spend 40% of life ‘waiting for something.’”,0
“Scientists warn remote control disappears only during important moments.”,0
"1,000+ dead and 2,500+ injured in Afghanistan after DEADLY earthquake of 6.0 magnitude: Tremors felt in India
Mass destruction across Kabul, Taliban leads rescue operations.",1
India approves a $5.1 billion support package for exporters affected by recent U.S. tariffs.,1
“Experts say adults spend half their life waiting for food to heat.”,0
U.S. mortgage rates fall slightly after weeks of increases.,1
“Scientists discover human brain stores embarrassing moments permanently.”,0
Kuwait announces new public-sector employment reforms.,1
Qatar and Egypt mediate renewed talks for Gaza humanitarian corridors.,1
South Africa announces a nationwide rollout of new HIV prevention pills.,1
“Scientists announce humans experience 12 hunger waves per hour.”,0
"Donald Trump is DEAD' trends across the world as US President goes missing from public spotlight
This comes 1 day after JD Vance said 'I'm ready to become President in case...'",1
Qatar signs a major investment deal to expand LNG export capacity.,1
France pledges additional funding for Ukraine’s military support.,1
“New data confirms nobody knows what adults eat for lunch.”,0
Nepal completes a major hydropower project aimed at increasing energy exports.,1
“Local man announces he’ll fix life after one good nap.”,0
China’s foreign ministry warns against external interference in Taiwan Strait matters.,1
"Brazil experiences a surge in dengue cases, prompting a nationwide health warning.",1
India and Nepal sign new energy-trade agreement to increase cross-border electricity exports.,1
“Dog announces every noise outside is a national emergency.”,0
,1
“Dog predicts dinner time three hours early.”,0
UN Security Council prepares to vote on a U.S.-backed resolution on Gaza stabilisation.,1
"Massive BLAST outside Mosque in
Kanpur: Bomb squad & forensic team deployed, several critically injured
Nearby buildings and shops also damaged, police begins probe.",1
“Scientists confirm yelling at technology does nothing but feels right.”,0
“Local woman insists she cleaned even though it looks the same.”,0
“Local man accuses laundry of multiplying overnight.”,0
“Survey finds nobody knows what temperature room should be.”,0
U.S. FDA approves a new diabetes drug showing improved results in patients with insulin resistance.,1
“Study shows no adult knows how to rest without guilt.”,0
"Alternative for Thailand & Vietnam:
Philippines announces VISA FREE entry for Indians and direct flights!
The country aims to boost its tourism just like other nations in South-East Asia",1
“Dog shocked to learn mailman still comes every day.”,0
“Nation agrees ceiling fan essential for sleeping even in winter.”,0
“Nation discovers new species: Humanus Overthinkus.”,0
“Scientists discover humans cannot walk past mirror without judging themselves.”,0
“Nation agrees stairs are just adult punishment.”,0
China announces a crackdown on telecom fraud rings operating from overseas hubs.,1
“Cat claims full custody of furniture.”,0
“Experts declare email inbox a ‘danger zone.’”,0
"Trading platform Groww to launch 8,500 crore IPO: All set to challenge
Angel One in India's broking space
Here are some numbers about these broking platforms",1
“Scientists announce chairs scientifically too comfortable to leave.”,0
“Study finds walking into kitchen increases hunger by 200%.”,0
“Scientists warn energy levels drop instantly on Mondays.”,0
“Experts warn wearing pajamas increases relaxation by 300%.”,0
“Experts warn average adult survives entirely on chaos and snacks.”,0
“Scientists confirm humans need emotional support snacks.”,0
"Massive rare TORNADO strikes
Odisha's coast out of nowhere: Locals and tourists stunned
The epicentre of the terrifying tornado was Chillika Lake, right besides beach",1
“Scientists say humans designed to sleep 12 hours but forced to sleep 6.”,0
“Scientists report coffee drinkers immune to morning conversations.”,0
“Local cat files complaint after being ignored for nine seconds.”,0
“Nation collectively forgets where they parked.”,0
Mexico–U.S. aviation slot reallocation highlights growing tensions in bilateral aviation relations.,1
South Korea plans further expansion of EV rapid-charging networks.,1
"Saudi Arabia unveils world's 1st 'sky stadium' for FIFA World Cup 2034 at a cost of $1 billion
The NEOM Project aims to seat 46,000 fans mid-air in the match.",1
“Survey shows adults regularly talk to themselves for clarity.”,0
Chile tightens environmental rules for lithium extraction.,1
"IAF becomes 3rd best airforce in the world surpassing China: Will now even train UK's fighter pilots
The only two better airforces than India are US and Russia",1
Pine Labs pares down its IPO size ahead of its planned market listing.,1
“Nation claims cold weather too cold and hot weather too hot.”,0
New Zealand announces reforms to address housing affordability with higher-density zoning.,1
“Study shows people hear phone vibrate even when it didn’t.”,0
UK expands apprenticeship programs to address labour shortages.,1
“Local dog shocked at audacity of thunder.”,0
“Scientists warn brain forgets names instantly during introductions.”,0
"India's oldest fighter jet MiG-21 (flying coffin) officially RETIRED after 60 years: Tejas LCA to replace
These jets have led to death of 170 pilots & 40 civilians, IAF chief takes last sortie.",1
“Local woman believes cleaning counts only if music is playing.”,0
“Survey reveals people rewatch same show instead of starting new one.”,0
“Experts warn doing laundry without losing a sock is suspicious.”,0
India updates ethanol policy to allow production from sugarcane juice and molasses for the 2025–26 season.,1
“Experts confirm fridge light more comforting at night.”,0
Shreyas Iyer admitted to ICU in Sydney after internal bleeding from a rib injury sustained while fielding.,1
United Nations warns that food insecurity is worsening in multiple conflict zones.,1
“Nation refuses to accept weekend is only two days.”,0
U.S. Navy increases its Indo-Pacific presence with additional vessel deployments.,1
“Experts say making eye contact officially classified as cardio.”,0
“New study shows adults crave solitude but hate loneliness.”,0
“Experts warn procrastination may reach Olympic level.”,0
“Study shows screen brightness always wrong for every situation.”,0
US bond yields and global markets move as investors weigh reopening hopes and interest-rate outlooks.,1
Germany approves a green hydrogen subsidy scheme for industrial users.,1
“Nation shocked when weather forecast is actually correct.”,0
Shubman Gill stretchered off and taken to hospital with a neck injury during the Kolkata Test; ruled out of the remainder of the match.,1
“Scientists discover wardrobes full of clothes yet ‘nothing to wear.’”,0
“Scientists declare socks mortal enemies of washing machines.”,0
Philippines passes a new cybersecurity law to counter rising digital threats.,1
“New study shows car issues increase when paycheck arrives.”,0
India’s power regulator warns renewable-energy projects of disconnection for grid violations.,1
“Parents confirm child becomes hungriest right after kitchen is cleaned.”,0
“Experts confirm everyone has one fork they hate.”,0
"India to simplify GST registration via a single-window system for small, low-risk taxpayers.",1
“Experts confirm nobody actually knows how taxes work.”,0
India’s merchandise trade deficit widens in October as gold imports surge.,1
France tightens security ahead of major international sporting events.,1
“Experts confirm some emails require three days of courage to open.”,0
Philippines moves to modernize coastal surveillance with upgraded radar systems.,1
"India to host COMMONWEALTH
GAMES 2030: Ahmedabad officially
the home of 100th games
Nigeria also wanted to host the 2030 Games but likely lost due to lack on infra",1
Italy unveils tax reforms aimed at boosting economic competitiveness.,1
“Experts warn brain only remembers embarrassing memories at night.”,0
"“Nation agrees life significantly harder without sleep, food, or money.”",0
“Report reveals humanity’s most common phrase is ‘What was I doing?’”,0
“Scientists report memories improve only during arguments.”,0
Myanmar reports renewed clashes near key border trade zones.,1
“Study finds refrigerators open 40 times more when people are bored.”,0
India ships its first-ever jet-fuel cargo to the U.S. West Coast amid a local refinery shortfall.,1
“Scientists confirm brain’s favorite hobby is worrying unnecessarily.”,0
Japan issues heatwave alerts as temperatures break seasonal records.,1
“Parents shocked that child who wasn’t hungry is starving after bedtime.”,0
China’s exports rebound more strongly than expected as global demand shows early signs of recovery.,1
U.S. House panel opens an inquiry into tech companies over handling of user data.,1
“Study finds every house has one mysterious drawer of nothing.”,0
Russia conducts missile tests in the Arctic region as part of annual readiness drills.,1
Mexico agrees to hand over certain Mexico City airport slots from local airlines to U.S. carriers amid an aviation dispute.,1
“Study reveals ice cream solves all emotional emergencies.”,0
Global markets remain jittery ahead of Nvidia earnings and U.S. employment data releases.,1
“Study finds 4 p.m. slump responsible for global productivity crisis.”,0
Indian government approves formation of the 8th Central Pay Commission and names its chairperson.,1
Trade ministry moves to recommend safeguards for domestic steelmaking against cheap met coke imports.,1
“Nation’s collective memory disappears when entering grocery store.”,0
“Scientists warn new wave of laziness approaching.”,0
“Experts confirm dreams disappear instantly upon waking.”,0
“Study says alarm clocks officially humanity’s worst invention.”,0
“Study finds cleaning energy peaks right before bedtime.”,0
“Local dog confident stranger at door is dangerous.”,0
“Experts confirm most adults are 70% tired at all times.”,0
India’s agriculture minister signals intent to introduce a new seed law to improve seed quality regulation.,1
UAE invests in major solar and battery-storage complex to expand renewable capacity.,1
“Study confirms nobody knows how to close a chip bag properly.”,0
Photo roundup highlights images from protests and immigration raids in Charlotte.,1
